pair,r_lower_angstrom,r_upper_angstrom,r_center_angstrom,g_r,count,expected_count
thf_o-thf_o,0.0,0.1,0.05,0.0,0,0.17148557424921407
thf_o-thf_o,0.1,0.2,0.15000000000000002,0.0,0,1.2003990197444978
thf_o-thf_o,0.2,0.30000000000000004,0.25,0.0,0,3.2582259107350646
thf_o-thf_o,0.30000000000000004,0.4,0.35000000000000003,0.0,0,6.344966247220917
thf_o-thf_o,0.4,0.5,0.45,0.0,0,10.46062002920205
thf_o-thf_o,0.5,0.6000000000000001,0.55,0.0,0,15.60518725667849
thf_o-thf_o,0.6000000000000001,0.7000000000000001,0.6500000000000001,0.0,0,21.778667929650172
thf_o-thf_o,0.7000000000000001,0.8,0.75,0.0,0,28.981062048117167
thf_o-thf_o,0.8,0.9,0.8500000000000001,0.0,0,37.21236961207941
thf_o-thf_o,0.9,1.0,0.95,0.0,0,46.47259062153698
thf_o-thf_o,1.0,1.1,1.05,0.0,0,56.7617250764899
thf_o-thf_o,1.1,1.2000000000000002,1.1500000000000001,0.0,0,68.07977297693805
thf_o-thf_o,1.2000000000000002,1.3,1.25,0.0,0,80.42673432288126
thf_o-thf_o,1.3,1.4000000000000001,1.35,0.0,0,93.80260911432018
thf_o-thf_o,1.4000000000000001,1.5,1.4500000000000002,0.0,0,108.20739735125395
thf_o-thf_o,1.5,1.6,1.55,0.0,0,123.64109903368345
thf_o-thf_o,1.6,1.7000000000000002,1.6500000000000001,0.0,0,140.1037141616078
thf_o-thf_o,1.7000000000000002,1.8,1.75,0.0,0,157.5952427350276
thf_o-thf_o,1.8,1.9000000000000001,1.85,0.0,0,176.11568475394296
thf_o-thf_o,1.9000000000000001,2.0,1.9500000000000002,0.0,0,195.6650402183529
thf_o-thf_o,2.0,2.1,2.05,0.0,0,216.243309128259
thf_o-thf_o,2.1,2.2,2.1500000000000004,0.0,0,237.85049148366025
thf_o-thf_o,2.2,2.3000000000000003,2.25,0.0,0,260.4865872845562
thf_o-thf_o,2.3000000000000003,2.4000000000000004,2.3500000000000005,0.0,0,284.1515965309479
thf_o-thf_o,2.4000000000000004,2.5,2.45,0.0,0,308.84551922283316
thf_o-thf_o,2.5,2.6,2.55,0.0,0,334.5683553602164
thf_o-thf_o,2.6,2.7,2.6500000000000004,0.0,0,361.32010494309463
thf_o-thf_o,2.7,2.8000000000000003,2.75,0.0,0,389.10076797146695
thf_o-thf_o,2.8000000000000003,2.9000000000000004,2.8500000000000005,0.0,0,417.9103444453349
thf_o-thf_o,2.9000000000000004,3.0,2.95,0.004466789964596489,2,447.74883436469605
thf_o-thf_o,3.0,3.1,3.05,0.014625496270678894,7,478.6162377295571
thf_o-thf_o,3.1,3.2,3.1500000000000004,0.02154697255175933,11,510.512554539911
thf_o-thf_o,3.2,3.3000000000000003,3.25,0.057044248426065425,31,543.4377847957597
thf_o-thf_o,3.3000000000000003,3.4000000000000004,3.3500000000000005,0.0640812560305571,37,577.3919284971033
thf_o-thf_o,3.4000000000000004,3.5,3.45,0.1388038407718735,85,612.3749856439417
thf_o-thf_o,3.5,3.6,3.55,0.1372637113439516,89,648.3869562362792
thf_o-thf_o,3.6,3.7,3.6500000000000004,0.21592353170366352,148,685.4278402741081
thf_o-thf_o,3.7,3.8000000000000003,3.75,0.2736705549084086,198,723.497637757435
thf_o-thf_o,3.8000000000000003,3.9000000000000004,3.8500000000000005,0.32913873824914625,251,762.5963486862552
thf_o-thf_o,3.9000000000000004,4.0,3.95,0.4621763052441028,371,802.7239730605679
thf_o-thf_o,4.0,4.1000000000000005,4.050000000000001,0.5308808465461776,448,843.8805108803857
thf_o-thf_o,4.1000000000000005,4.2,4.15,0.6850505785484599,607,886.0659621456862
thf_o-thf_o,4.2,4.3,4.25,0.8813271693488475,819,929.2803268564876
thf_o-thf_o,4.3,4.4,4.35,1.0302780485603316,1003,973.5236050127936
thf_o-thf_o,4.4,4.5,4.45,1.3358908669652518,1361,1018.7957966145758
thf_o-thf_o,4.5,4.6000000000000005,4.550000000000001,1.3857894034777445,1476,1065.0969016618724
thf_o-thf_o,4.6000000000000005,4.7,4.65,1.4895360494958603,1657,1112.4269201546472
thf_o-thf_o,4.7,4.800000000000001,4.75,1.4171433921545546,1645,1160.7858520929371
thf_o-thf_o,4.800000000000001,4.9,4.8500000000000005,1.4997847034557175,1815,1210.1736974766989
thf_o-thf_o,4.9,5.0,4.95,1.3588870131698225,1713,1260.5904563059676
thf_o-thf_o,5.0,5.1000000000000005,5.050000000000001,1.390967794441865,1825,1312.0361285807435
thf_o-thf_o,5.1000000000000005,5.2,5.15,1.3074283560418252,1784,1364.51071430099
thf_o-thf_o,5.2,5.300000000000001,5.25,1.265854730476632,1795,1418.0142134667608
thf_o-thf_o,5.300000000000001,5.4,5.3500000000000005,1.319482837141137,1943,1472.5466260779938
thf_o-thf_o,5.4,5.5,5.45,1.2708526235250972,1942,1528.1079521347415
thf_o-thf_o,5.5,5.6000000000000005,5.550000000000001,1.2986699996635234,2058,1584.6981916369932
thf_o-thf_o,5.6000000000000005,5.7,5.65,1.3511395999785318,2219,1642.3173445847176
thf_o-thf_o,5.7,5.800000000000001,5.75,1.2780977120222954,2174,1700.9654109779647
thf_o-thf_o,5.800000000000001,5.9,5.8500000000000005,1.2660151837910005,2229,1760.6423908166755
thf_o-thf_o,5.9,6.0,5.95,1.2276619576380463,2236,1821.3482841008938
thf_o-thf_o,6.0,6.1000000000000005,6.050000000000001,1.1985663357023917,2257,1883.0830908306282
thf_o-thf_o,6.1000000000000005,6.2,6.15,1.1557949923290574,2249,1945.8468110058266
thf_o-thf_o,6.2,6.300000000000001,6.25,1.1096517865245235,2230,2009.6394446265479
thf_o-thf_o,6.300000000000001,6.4,6.3500000000000005,1.0311112180781958,2139,2074.460991692737
thf_o-thf_o,6.4,6.5,6.45,1.0134039126716916,2169,2140.31145220443
thf_o-thf_o,6.5,6.6000000000000005,6.550000000000001,1.0624364564245694,2345,2207.190826161649
thf_o-thf_o,6.6000000000000005,6.7,6.65,1.0144612980768752,2308,2275.0991135643117
thf_o-thf_o,6.7,6.800000000000001,6.75,0.9974248204366976,2338,2344.036314412514
thf_o-thf_o,6.800000000000001,6.9,6.8500000000000005,0.9801150039720912,2366,2414.0024287061847
thf_o-thf_o,6.9,7.0,6.95,1.0028179278560183,2492,2484.9974564453482
thf_o-thf_o,7.0,7.1000000000000005,7.050000000000001,0.9870859908874267,2524,2557.0213976300392
thf_o-thf_o,7.1000000000000005,7.2,7.15,0.9942685069643041,2615,2630.074252260192
thf_o-thf_o,7.2,7.300000000000001,7.25,0.9511285519984707,2572,2704.1560203358667
thf_o-thf_o,7.300000000000001,7.4,7.3500000000000005,0.9351387537811486,2599,2779.266701857002
thf_o-thf_o,7.4,7.5,7.45,0.9490768452162471,2710,2855.4062968236535
thf_o-thf_o,7.5,7.6000000000000005,7.550000000000001,0.8971638149869543,2631,2932.574805235828
thf_o-thf_o,7.6000000000000005,7.7,7.65,0.9080726782973463,2734,3010.7722270934332
thf_o-thf_o,7.7,7.800000000000001,7.75,0.9087382868625392,2808,3089.9985623966054
thf_o-thf_o,7.800000000000001,7.9,7.8500000000000005,0.9166458501788702,2906,3170.253811145205
thf_o-thf_o,7.9,8.0,7.95,0.91771956054858,2984,3251.5379733393406
thf_o-thf_o,8.0,8.1,8.05,0.9268560456371799,3090,3333.8510489789564
thf_o-thf_o,8.1,8.200000000000001,8.15,0.9390748383995086,3209,3417.1930380641315
thf_o-thf_o,8.200000000000001,8.3,8.25,0.9084512103639459,3181,3501.5639405946963
thf_o-thf_o,8.3,8.4,8.350000000000001,0.9411859804314052,3376,3586.963756570795
thf_o-thf_o,8.4,8.5,8.45,0.9427252909144107,3463,3673.3924859924045
thf_o-thf_o,8.5,8.6,8.55,0.9492534607016162,3570,3760.8501288595003
thf_o-thf_o,8.6,8.700000000000001,8.65,0.9710763972398048,3738,3849.3366851721667
thf_o-thf_o,8.700000000000001,8.8,8.75,0.9606859692013677,3784,3938.8521549301845
thf_o-thf_o,8.8,8.9,8.850000000000001,0.9800474990801,3949,4029.3965381337557
thf_o-thf_o,8.9,9.0,8.95,0.9963674000579917,4106,4120.96983478285
eda_n-thf_o,0.0,0.1,0.05,0.0,0,0.09799175671383657
eda_n-thf_o,0.1,0.2,0.15000000000000002,0.0,0,0.6859422969968563
eda_n-thf_o,0.2,0.30000000000000004,0.25,0.0,0,1.8618433775628958
eda_n-thf_o,0.30000000000000004,0.4,0.35000000000000003,0.0,0,3.6256949984119524
eda_n-thf_o,0.4,0.5,0.45,0.0,0,5.9774971595440265
eda_n-thf_o,0.5,0.6000000000000001,0.55,0.0,0,8.917249860959132
eda_n-thf_o,0.6000000000000001,0.7000000000000001,0.6500000000000001,0.0,0,12.444953102657243
eda_n-thf_o,0.7000000000000001,0.8,0.75,0.0,0,16.560606884638386
eda_n-thf_o,0.8,0.9,0.8500000000000001,0.0,0,21.264211206902512
eda_n-thf_o,0.9,1.0,0.95,0.0,0,26.555766069449714
eda_n-thf_o,1.0,1.1,1.05,0.0,0,32.43527147227997
eda_n-thf_o,1.1,1.2000000000000002,1.1500000000000001,0.0,0,38.90272741539314
eda_n-thf_o,1.2000000000000002,1.3,1.25,0.0,0,45.95813389878929
eda_n-thf_o,1.3,1.4000000000000001,1.35,0.0,0,53.60149092246869
eda_n-thf_o,1.4000000000000001,1.5,1.4500000000000002,0.0,0,61.832798486430825
eda_n-thf_o,1.5,1.6,1.55,0.0,0,70.65205659067624
eda_n-thf_o,1.6,1.7000000000000002,1.6500000000000001,0.0,0,80.05926523520446
eda_n-thf_o,1.7000000000000002,1.8,1.75,0.0,0,90.05442442001579
eda_n-thf_o,1.8,1.9000000000000001,1.85,0.0,0,100.63753414511027
eda_n-thf_o,1.9000000000000001,2.0,1.9500000000000002,0.0,0,111.80859441048743
eda_n-thf_o,2.0,2.1,2.05,0.0,0,123.567605216148
eda_n-thf_o,2.1,2.2,2.1500000000000004,0.0,0,135.91456656209155
eda_n-thf_o,2.2,2.3000000000000003,2.25,0.0,0,148.84947844831765
eda_n-thf_o,2.3000000000000003,2.4000000000000004,2.3500000000000005,0.0,0,162.37234087482736
eda_n-thf_o,2.4000000000000004,2.5,2.45,0.0,0,176.483153841619
eda_n-thf_o,2.5,2.6,2.55,0.0052306202064921654,1,191.18191734869515
eda_n-thf_o,2.6,2.7,2.6500000000000004,0.043590156718460324,9,206.46863139605375
eda_n-thf_o,2.7,2.8000000000000003,2.75,0.1933946324298135,43,222.34329598369538
eda_n-thf_o,2.8000000000000003,2.9000000000000004,2.8500000000000005,0.6658126646022677,159,238.80591111162
eda_n-thf_o,2.9000000000000004,3.0,2.95,1.0709128940120087,274,255.8564767798262
eda_n-thf_o,3.0,3.1,3.05,1.2395108089400366,339,273.49499298831824
eda_n-thf_o,3.1,3.2,3.1500000000000004,1.1654953334815281,340,291.72145973709183
eda_n-thf_o,3.2,3.3000000000000003,3.25,1.065899383896722,331,310.5358770261486
eda_n-thf_o,3.3000000000000003,3.4000000000000004,3.3500000000000005,0.8334893098569089,275,329.93824485548737
eda_n-thf_o,3.4000000000000004,3.5,3.45,0.6487038323132565,227,349.9285632251092
eda_n-thf_o,3.5,3.6,3.55,0.6639553677929348,246,370.5068321350164
eda_n-thf_o,3.6,3.7,3.6500000000000004,0.4953110744148231,194,391.67305158520435
eda_n-thf_o,3.7,3.8000000000000003,3.75,0.5539064387855792,229,413.4272215756773
eda_n-thf_o,3.8000000000000003,3.9000000000000004,3.8500000000000005,0.5553396639383005,242,435.76934210643157
eda_n-thf_o,3.9000000000000004,4.0,3.95,0.5275786125899664,242,458.6994131774674
eda_n-thf_o,4.0,4.1000000000000005,4.050000000000001,0.6241997453531232,301,482.2174347887916
eda_n-thf_o,4.1000000000000005,4.2,4.15,0.6300321012762398,319,506.3234069403923
eda_n-thf_o,4.2,4.3,4.25,0.6741776209976227,358,531.0173296322786
eda_n-thf_o,4.3,4.4,4.35,0.7855484921600333,437,556.2992028644536
eda_n-thf_o,4.4,4.5,4.45,0.8296559554021885,483,582.1690266369008
eda_n-thf_o,4.5,4.6000000000000005,4.550000000000001,0.998970139092358,608,608.6268009496413
eda_n-thf_o,4.6000000000000005,4.7,4.65,1.0398435879627845,661,635.6725258026564
eda_n-thf_o,4.7,4.800000000000001,4.75,1.0628575441159147,705,663.3062011959648
eda_n-thf_o,4.800000000000001,4.9,4.8500000000000005,1.0975697148016845,759,691.527827129542
eda_n-thf_o,4.9,5.0,4.95,1.0911553336924058,786,720.3374036034099
eda_n-thf_o,5.0,5.1000000000000005,5.050000000000001,1.012357793406799,759,749.7349306175672
eda_n-thf_o,5.1000000000000005,5.2,5.15,1.032421354581795,805,779.7204081719938
eda_n-thf_o,5.2,5.300000000000001,5.25,1.0576410206308235,857,810.2938362667207
eda_n-thf_o,5.300000000000001,5.4,5.3500000000000005,1.0802713963881951,909,841.4552149017109
eda_n-thf_o,5.4,5.5,5.45,1.071913798833219,936,873.2045440769944
eda_n-thf_o,5.5,5.6000000000000005,5.550000000000001,1.0104447701463632,915,905.5418237925682
eda_n-thf_o,5.6000000000000005,5.7,5.65,1.049583995251462,985,938.4670540484101
eda_n-thf_o,5.7,5.800000000000001,5.75,0.99899150743049,971,971.9802348445513
eda_n-thf_o,5.800000000000001,5.9,5.8500000000000005,1.096332798794339,1103,1006.0813661809563
eda_n-thf_o,5.9,6.0,5.95,1.048261892942952,1091,1040.7704480576535
eda_n-thf_o,6.0,6.1000000000000005,6.050000000000001,1.0083198183052358,1085,1076.0474804746443
eda_n-thf_o,6.1000000000000005,6.2,6.15,0.9856891041739129,1096,1111.9124634319019
eda_n-thf_o,6.2,6.300000000000001,6.25,0.94569202703581,1086,1148.3653969294562
eda_n-thf_o,6.300000000000001,6.4,6.3500000000000005,0.9465109287968845,1122,1185.4062809672791
eda_n-thf_o,6.4,6.5,6.45,0.9198427630578129,1125,1223.0351155453868
eda_n-thf_o,6.5,6.6000000000000005,6.550000000000001,0.9046567140152493,1141,1261.251900663799
eda_n-thf_o,6.6000000000000005,6.7,6.65,0.8684237043654185,1129,1300.056636322464
eda_n-thf_o,6.7,6.800000000000001,6.75,0.9041028873868573,1211,1339.4493225214358
eda_n-thf_o,6.800000000000001,6.9,6.8500000000000005,0.909796102059892,1255,1379.4299592606774
eda_n-thf_o,6.9,7.0,6.95,0.894367112624399,1270,1419.9985465401978
eda_n-thf_o,7.0,7.1000000000000005,7.050000000000001,0.9170826658601486,1340,1461.1550843600228
eda_n-thf_o,7.1000000000000005,7.2,7.15,0.9401825814898594,1413,1502.8995727201102
eda_n-thf_o,7.2,7.300000000000001,7.25,0.9202501561618175,1422,1545.232011620495
eda_n-thf_o,7.300000000000001,7.4,7.3500000000000005,0.9677912516286443,1537,1588.1524010611427
eda_n-thf_o,7.4,7.5,7.45,0.9830474924435444,1604,1631.660741042088
eda_n-thf_o,7.5,7.6000000000000005,7.550000000000001,0.9780654170795642,1639,1675.7570315633293
eda_n-thf_o,7.6000000000000005,7.7,7.65,0.948012597670154,1631,1720.4412726248188
eda_n-thf_o,7.7,7.800000000000001,7.75,0.9457933202833934,1670,1765.713464226633
eda_n-thf_o,7.800000000000001,7.9,7.8500000000000005,0.9649069703018465,1748,1811.5736063686875
eda_n-thf_o,7.9,8.0,7.95,0.9870713570980787,1834,1858.021699051052
eda_n-thf_o,8.0,8.1,8.05,0.9532519459660066,1816,1905.0577422736878
eda_n-thf_o,8.1,8.200000000000001,8.15,0.9883843149561675,1930,1952.6817360366458
eda_n-thf_o,8.200000000000001,8.3,8.25,0.9685672052654265,1938,2000.8936803398271
eda_n-thf_o,8.3,8.4,8.350000000000001,0.9655101737941542,1979,2049.693575183311
eda_n-thf_o,8.4,8.5,8.45,0.977094065958577,2051,2099.0814205670863
eda_n-thf_o,8.5,8.6,8.55,0.9734501175430307,2092,2149.0572164911414
eda_n-thf_o,8.6,8.700000000000001,8.65,0.9951714576582089,2189,2199.620962955522
eda_n-thf_o,8.700000000000001,8.8,8.75,1.0316457282901048,2322,2250.772659960106
eda_n-thf_o,8.8,8.9,8.850000000000001,1.037996623171061,2390,2302.5123075050024
eda_n-thf_o,8.9,9.0,8.95,1.0153556487317705,2391,2354.8399055902014
eda_n-eda_n,0.0,0.1,0.05,0.0,0,0.012248969589229572
eda_n-eda_n,0.1,0.2,0.15000000000000002,0.0,0,0.08574278712460703
eda_n-eda_n,0.2,0.30000000000000004,0.25,0.0,0,0.23273042219536197
eda_n-eda_n,0.30000000000000004,0.4,0.35000000000000003,0.0,0,0.45321187480149405
eda_n-eda_n,0.4,0.5,0.45,0.0,0,0.7471871449430033
eda_n-eda_n,0.5,0.6000000000000001,0.55,0.0,0,1.1146562326198914
eda_n-eda_n,0.6000000000000001,0.7000000000000001,0.6500000000000001,0.0,0,1.5556191378321553
eda_n-eda_n,0.7000000000000001,0.8,0.75,0.0,0,2.070075860579798
eda_n-eda_n,0.8,0.9,0.8500000000000001,0.0,0,2.658026400862814
eda_n-eda_n,0.9,1.0,0.95,0.0,0,3.319470758681214
eda_n-eda_n,1.0,1.1,1.05,0.0,0,4.0544089340349965
eda_n-eda_n,1.1,1.2000000000000002,1.1500000000000001,0.0,0,4.862840926924142
eda_n-eda_n,1.2000000000000002,1.3,1.25,0.0,0,5.7447667373486615
eda_n-eda_n,1.3,1.4000000000000001,1.35,0.0,0,6.7001863653085865
eda_n-eda_n,1.4000000000000001,1.5,1.4500000000000002,0.0,0,7.729099810803853
eda_n-eda_n,1.5,1.6,1.55,0.0,0,8.83150707383453
eda_n-eda_n,1.6,1.7000000000000002,1.6500000000000001,0.0,0,10.007408154400558
eda_n-eda_n,1.7000000000000002,1.8,1.75,0.0,0,11.256803052501974
eda_n-eda_n,1.8,1.9000000000000001,1.85,0.0,0,12.579691768138783
eda_n-eda_n,1.9000000000000001,2.0,1.9500000000000002,0.0,0,13.976074301310929
eda_n-eda_n,2.0,2.1,2.05,0.0,0,15.4459506520185
eda_n-eda_n,2.1,2.2,2.1500000000000004,0.0,0,16.989320820261444
eda_n-eda_n,2.2,2.3000000000000003,2.25,0.0,0,18.606184806039707
eda_n-eda_n,2.3000000000000003,2.4000000000000004,2.3500000000000005,0.0,0,20.29654260935342
eda_n-eda_n,2.4000000000000004,2.5,2.45,0.0,0,22.060394230202377
eda_n-eda_n,2.5,2.6,2.55,0.0,0,23.897739668586894
eda_n-eda_n,2.6,2.7,2.6500000000000004,0.0,0,25.80857892450672
eda_n-eda_n,2.7,2.8000000000000003,2.75,0.35980396731128095,10,27.792911997961923
eda_n-eda_n,2.8000000000000003,2.9000000000000004,2.8500000000000005,1.7420004306575054,52,29.8507388889525
eda_n-eda_n,2.9000000000000004,3.0,2.95,4.690129462826316,150,31.982059597478276
eda_n-eda_n,3.0,3.1,3.05,5.70394354556477,195,34.18687412353978
eda_n-eda_n,3.1,3.2,3.1500000000000004,6.554197287107887,239,36.46518246713648
eda_n-eda_n,3.2,3.3000000000000003,3.25,5.0750979728738175,197,38.81698462826858
eda_n-eda_n,3.3000000000000003,3.4000000000000004,3.3500000000000005,3.734032108158952,154,41.24228060693592
eda_n-eda_n,3.4000000000000004,3.5,3.45,3.406409551177981,149,43.74107040313865
eda_n-eda_n,3.5,3.6,3.55,2.5046771598042423,116,46.31335401687705
eda_n-eda_n,3.6,3.7,3.6500000000000004,1.9812442976592923,97,48.95913144815054
eda_n-eda_n,3.7,3.8000000000000003,3.75,2.031796544016972,105,51.678402696959665
eda_n-eda_n,3.8000000000000003,3.9000000000000004,3.8500000000000005,1.854191935793995,101,54.471167763303946
eda_n-eda_n,3.9000000000000004,4.0,3.95,1.4475710692551143,83,57.33742664718343
eda_n-eda_n,4.0,4.1000000000000005,4.050000000000001,1.459922328001989,88,60.27717934859895
eda_n-eda_n,4.1000000000000005,4.2,4.15,1.5800178088432344,100,63.29042586754904
eda_n-eda_n,4.2,4.3,4.25,1.50654216982709,100,66.37716620403482
eda_n-eda_n,4.3,4.4,4.35,1.495598044570132,104,69.5374003580567
eda_n-eda_n,4.4,4.5,4.45,1.3466879276093493,98,72.7711283296126
eda_n-eda_n,4.5,4.6000000000000005,4.550000000000001,1.5247438965093885,116,76.07835011870516
eda_n-eda_n,4.6000000000000005,4.7,4.65,1.761913492463417,140,79.45906572533205
eda_n-eda_n,4.7,4.800000000000001,4.75,1.579964122316991,131,82.9132751494956
eda_n-eda_n,4.800000000000001,4.9,4.8500000000000005,1.6658765631772605,144,86.44097839119274
eda_n-eda_n,4.9,5.0,4.95,1.643674192228764,148,90.04217545042624
eda_n-eda_n,5.0,5.1000000000000005,5.050000000000001,1.7286109357776176,162,93.7168663271959
eda_n-eda_n,5.1000000000000005,5.2,5.15,1.7339548712976236,169,97.46505102149922
eda_n-eda_n,5.2,5.300000000000001,5.25,1.3920875977497889,141,101.2867295333401
eda_n-eda_n,5.300000000000001,5.4,5.3500000000000005,1.7778723971361274,187,105.18190186271386
eda_n-eda_n,5.4,5.5,5.45,1.768199685254797,193,109.1505680096243
eda_n-eda_n,5.5,5.6000000000000005,5.550000000000001,1.63438061182144,185,113.19272797407102
eda_n-eda_n,5.6000000000000005,5.7,5.65,2.037365075046493,239,117.30838175605126
eda_n-eda_n,5.7,5.800000000000001,5.75,1.728430208530611,210,121.49752935556891
eda_n-eda_n,5.800000000000001,5.9,5.8500000000000005,2.0515239317420813,258,125.76017077261953
eda_n-eda_n,5.9,6.0,5.95,2.106132052548992,274,130.0963060072067
eda_n-eda_n,6.0,6.1000000000000005,6.050000000000001,1.8140463459279448,244,134.50593505933054
eda_n-eda_n,6.1000000000000005,6.2,6.15,1.6907805801523323,235,138.98905792898773
eda_n-eda_n,6.2,6.300000000000001,6.25,1.4420497207838872,207,143.54567461618203
eda_n-eda_n,6.300000000000001,6.4,6.3500000000000005,1.268763312754469,188,148.1757851209099
eda_n-eda_n,6.4,6.5,6.45,1.2297275694568448,188,152.87938944317335
eda_n-eda_n,6.5,6.6000000000000005,6.550000000000001,1.3066382687967841,206,157.65648758297488
eda_n-eda_n,6.6000000000000005,6.7,6.65,1.335326440016268,217,162.507079540308
eda_n-eda_n,6.7,6.800000000000001,6.75,1.063123461303786,178,167.43116531517947
eda_n-eda_n,6.800000000000001,6.9,6.8500000000000005,0.9859145010370145,170,172.42874490758467
eda_n-eda_n,6.9,7.0,6.95,1.0366207793567837,184,177.49981831752473
eda_n-eda_n,7.0,7.1000000000000005,7.050000000000001,1.0238475135274494,187,182.64438554500285
eda_n-eda_n,7.1000000000000005,7.2,7.15,1.1657465553929467,219,187.86244659001377
eda_n-eda_n,7.2,7.300000000000001,7.25,1.1234558868473383,217,193.1540014525619
eda_n-eda_n,7.300000000000001,7.4,7.3500000000000005,1.032646488400115,205,198.51905013264283
eda_n-eda_n,7.4,7.5,7.45,1.0786556026811958,220,203.957592630261
eda_n-eda_n,7.5,7.6000000000000005,7.550000000000001,1.0407236652756313,218,209.46962894541616
eda_n-eda_n,7.6000000000000005,7.7,7.65,1.0136934214204467,218,215.05515907810235
eda_n-eda_n,7.7,7.800000000000001,7.75,1.0873791466731229,240,220.71418302832913
eda_n-eda_n,7.800000000000001,7.9,7.8500000000000005,1.006859447271492,228,226.44670079608593
eda_n-eda_n,7.9,8.0,7.95,1.029051491151323,239,232.2527123813815
eda_n-eda_n,8.0,8.1,8.05,1.0078434671006238,240,238.13221778421098
eda_n-eda_n,8.1,8.200000000000001,8.15,1.069298678563978,261,244.08521700458073
eda_n-eda_n,8.200000000000001,8.3,8.25,0.9195890906544812,230,250.1117100424784
eda_n-eda_n,8.3,8.4,8.350000000000001,1.1006523254571055,282,256.2116968979139
eda_n-eda_n,8.4,8.5,8.45,1.0671334508762615,280,262.3851775708858
eda_n-eda_n,8.5,8.6,8.55,0.93436321033767,251,268.6321520613927
eda_n-eda_n,8.6,8.700000000000001,8.65,1.0074462997581504,277,274.95262036944024
eda_n-eda_n,8.700000000000001,8.8,8.75,1.1409415289616662,321,281.34658249501325
eda_n-eda_n,8.8,8.9,8.850000000000001,1.0562375680133975,304,287.8140384381253
eda_n-eda_n,8.9,9.0,8.95,1.1109035454129284,327,294.3549881987752
