system_id,replica,candidate_id,state_id,molecule_id,component,signed_spin_electrons,positive_spin_electrons,negative_spin_magnitude_electrons,positive_spin_fraction
pure_thf,1,separated,li0_diabatic,48,thf,0.0995409044670091,0.10380018814739377,0.004259283680384657,0.10142842490430277
pure_thf,1,separated,li0_diabatic,28,thf,0.06631792078195729,0.06943356118046451,0.003115640398507244,0.06784705183800654
pure_thf,1,separated,li0_diabatic,21,thf,0.04870755557694556,0.05120683145200915,0.0024992758750635815,0.05003679040679857
pure_thf,1,separated,li0_diabatic,54,thf,0.03808744124048552,0.03970996663301587,0.0016225253925303458,0.03880262107877834
pure_thf,1,separated,li0_diabatic,30,thf,0.03631080005064175,0.037989105533333574,0.0016783054826918205,0.037121080477213984
pure_thf,1,separated,li0_diabatic,29,thf,0.02910484595598911,0.030301728370529624,0.0011968824145405091,0.029609354620211387
pure_thf,1,separated,li0_diabatic,36,thf,0.0185017239582953,0.019275089923148244,0.0007733659648529532,0.018834667313103636
pure_thf,1,separated,li0_diabatic,42,thf,0.017389216154009148,0.018318455384325687,0.0009292392303165575,0.01789989121863215
pure_thf,1,separated,li0_diabatic,39,thf,0.014894474433040237,0.015613928130971604,0.0007194536979313726,0.015257160561641985
pure_thf,1,separated,li0_diabatic,14,thf,0.007248473335724727,0.007584678075754154,0.0003362047400294268,0.00741137337378957
pure_thf,1,separated,li0_diabatic,23,thf,0.005457447820245731,0.0056884806956526675,0.0002310328754069352,0.005558502805787731
pure_thf,1,separated,li0_diabatic,55,thf,0.004381482232532377,0.004584570582722056,0.00020308835018968067,0.004479816283259551
pure_thf,1,separated,li0_diabatic,52,thf,0.002511623322080572,0.0026443791937815803,0.0001327558717010081,0.0025839569394047394
pure_thf,1,separated,li0_diabatic,24,thf,0.0021303223225337536,0.0022277578756555796,9.743555312182558e-05,0.002176855133201167
pure_thf,1,separated,li0_diabatic,62,thf,0.0012227564409753532,0.0015523821157231513,0.00032962567474780033,0.001516911247056942
pure_thf,1,separated,li0_diabatic,60,thf,0.001320115041837828,0.00142241821122361,0.00010230316938578171,0.0013899169288088525
pure_thf,1,separated,li0_diabatic,26,thf,0.001123258082488196,0.0013385884317278188,0.00021533034923962313,0.0013080026023891407
pure_thf,1,separated,li0_diabatic,43,thf,0.0011581491779684536,0.0012738527669734043,0.00011570358900495038,0.0012447461032597785
pure_thf,1,separated,li0_diabatic,15,thf,0.0010248758513431904,0.0011789927859389582,0.000154116934595767,0.0011520536078558818
pure_thf,1,separated,li0_diabatic,34,thf,0.0009927334577348502,0.0010800102932311659,8.727683549631647e-05,0.0010553327973483232
pure_thf,1,separated,li0_diabatic,33,thf,0.0008397125035350604,0.0009082308098213339,6.851830628627417e-05,0.0008874783575433262
pure_thf,1,separated,li0_diabatic,7,thf,0.0006101478160447341,0.0006585749015929263,4.842708554819196e-05,0.000643526915916808
pure_thf,1,separated,li0_diabatic,44,thf,0.0005102320218507857,0.0005612440737803546,5.1012051929569123e-05,0.0005484200308922559
pure_thf,1,separated,li0_diabatic,50,thf,0.0003533840744331674,0.00048751610322102993,0.00013413202878786266,0.00047637669398997235
pure_thf,1,separated,li0_diabatic,59,thf,0.0003389048578909716,0.00037986678878182054,4.09619308908489e-05,0.0003711870926947152
pure_thf,1,separated,li0_diabatic,37,thf,0.00016422328809664752,0.00028395345023310566,0.00011973016213645813,0.0002774653082746784
pure_thf,1,separated,li0_diabatic,12,thf,0.00012072920970970913,0.00022626713008031503,0.00010553792037060594,0.00022109708104839858
pure_thf,1,separated,li0_diabatic,25,thf,0.00012730757915093202,0.00021239857766090387,8.509099850997193e-05,0.0002075454155580991
pure_thf,1,separated,li0_diabatic,41,thf,9.340244979863907e-05,0.00021044485154508567,0.0001170424017464465,0.00020563633074661053
pure_thf,1,separated,li0_diabatic,5,thf,0.00011277889397573254,0.000209516251874542,9.673735789880961e-05,0.00020472894894286894
pure_thf,1,separated,li0_diabatic,11,thf,9.255956426901508e-05,0.00020225300667392227,0.00010969344240490725,0.0001976316639230528
pure_thf,1,separated,li0_diabatic,10,thf,0.0001616002385093122,0.00018843676793822166,2.68365294289094e-05,0.00018413111678460223
pure_thf,1,separated,li0_diabatic,63,thf,0.00012589332004317455,0.00016811158902168568,4.22182689785111e-05,0.0001642703542927748
pure_thf,1,separated,li0_diabatic,2,thf,0.0001178096439098438,0.00016588493003805022,4.8075286128206485e-05,0.00016209457294266333
pure_thf,1,separated,li0_diabatic,56,thf,9.622889771772396e-05,0.0001629064859288273,6.66775882111034e-05,0.00015918418424245204
pure_thf,1,separated,li0_diabatic,31,thf,2.1119123442758598e-05,0.0001572313043193826,0.00013611218087662412,0.00015363867664785628
pure_thf,1,separated,li0_diabatic,27,thf,5.915613550893339e-05,0.0001562624051044393,9.710626959550594e-05,0.00015269191611671766
pure_thf,1,separated,li0_diabatic,4,thf,7.060533713287791e-05,0.00015312129855728817,8.251596142441032e-05,0.0001496225817039348
pure_thf,1,separated,li0_diabatic,47,thf,2.3864516146730513e-05,0.00014319978216813128,0.00011933526602140085,0.00013992776517252878
pure_thf,1,separated,li0_diabatic,51,thf,6.127063461754329e-05,0.00011765478078421922,5.6384146166675966e-05,0.00011496644958349253
pure_thf,1,separated,li0_diabatic,46,thf,6.0882102670139335e-05,0.0001174818182692091,5.6599715599069745e-05,0.00011479743914354947
pure_thf,1,separated,li0_diabatic,61,thf,3.072885366978403e-05,0.00011265168900651101,8.192283533672704e-05,0.00011007767502805496
pure_thf,1,separated,li0_diabatic,8,thf,3.564709035432017e-05,0.00010736520467425394,7.171811431993379e-05,0.00010491198324394451
pure_thf,1,separated,li0_diabatic,53,thf,1.2888644064921155e-05,9.139341468122398e-05,7.850477061630283e-05,8.930513771881906e-05
pure_thf,1,separated,li0_diabatic,6,thf,2.0355775706823947e-05,8.745041517136954e-05,6.70946394645456e-05,8.545223304859746e-05
pure_thf,1,separated,li0_diabatic,40,thf,7.013975733248962e-06,7.941725987596842e-05,7.240328414271944e-05,7.760262985262624e-05
pure_thf,1,separated,li0_diabatic,19,thf,8.433682278044256e-06,6.767802631428839e-05,5.9244344036244125e-05,6.613162974177693e-05
pure_thf,1,separated,li0_diabatic,18,thf,1.581229073074562e-05,6.489820439383664e-05,4.9085913663091035e-05,6.341532484928956e-05
pure_thf,1,separated,li0_diabatic,13,thf,1.720409159664972e-05,5.533655375917439e-05,3.813246216252468e-05,5.4072151386232895e-05
pure_thf,1,separated,li0_diabatic,17,thf,1.5904296947578088e-05,4.8013541897493155e-05,3.2109244949915054e-05,4.6916465332647424e-05
pure_thf,1,separated,li0_diabatic,20,thf,1.0761646477439145e-05,4.733490708498782e-05,3.657326060754866e-05,4.625333686105061e-05
pure_thf,1,separated,li0_diabatic,9,thf,6.849803208883664e-07,4.714354119608386e-05,4.6458560875195526e-05,4.606634355170921e-05
pure_thf,1,separated,li0_diabatic,49,thf,1.4237793643583987e-05,4.692113600763193e-05,3.268334236404796e-05,4.584902016956667e-05
pure_thf,1,separated,li0_diabatic,1,thf,-4.0258870813677664e-07,4.567032728571004e-05,4.6072915993846835e-05,4.46267915707037e-05
pure_thf,1,separated,li0_diabatic,45,thf,2.252620873474053e-06,4.487115899192177e-05,4.2618538118447735e-05,4.384588372536047e-05
pure_thf,1,separated,li0_diabatic,22,thf,2.436488919156537e-05,4.239480240828246e-05,1.8029913216717097e-05,4.1426110194475573e-05
pure_thf,1,separated,li0_diabatic,35,thf,2.7552887593907707e-06,4.098158430262128e-05,3.822629554323052e-05,4.0045183155114956e-05
pure_thf,1,separated,li0_diabatic,32,thf,2.451296612358718e-06,4.0199808882254206e-05,3.774851226989549e-05,3.928127076794148e-05
pure_thf,1,separated,li0_diabatic,58,thf,1.0501014143801183e-05,3.9890014616313205e-05,2.9389000472512003e-05,3.8978555088908586e-05
pure_thf,1,separated,li0_diabatic,16,thf,-7.376045748543994e-08,3.690873505103132e-05,3.69824955085168e-05,3.6065395720868286e-05
pure_thf,1,separated,li0_diabatic,57,thf,4.911125939656958e-06,3.52391202393701e-05,3.0327994299713134e-05,3.4433930464724204e-05
pure_thf,1,separated,li0_diabatic,3,thf,1.1742056401423702e-06,3.143551982744747e-05,3.026131418730508e-05,3.071723971847187e-05
pure_thf,1,separated,li0_diabatic,64,thf,1.3870306750437725e-05,2.7483751174158765e-05,1.361344442372104e-05,2.6855766273740593e-05
pure_thf,1,separated,li0_diabatic,38,thf,-2.7959862971124747e-06,2.2545966536774588e-05,2.5341952833887048e-05,2.2030806635176433e-05
pure_thf,1,separated,li_plus_e_diabatic,28,thf,0.10030292136431707,0.10485052357838455,0.004547602214067491,0.1027658519320402
pure_thf,1,separated,li_plus_e_diabatic,54,thf,0.07686856399664362,0.07963034210121485,0.0027617781045712565,0.07804710616970324
pure_thf,1,separated,li_plus_e_diabatic,42,thf,0.06570110004170752,0.06887015464530964,0.0031690546036021103,0.06750085620245451
pure_thf,1,separated,li_plus_e_diabatic,21,thf,0.05130790207646365,0.0528822626340106,0.0015743605575469417,0.05183084057386951
pure_thf,1,separated,li_plus_e_diabatic,48,thf,0.049369954407407705,0.0514386327679051,0.002068678360497391,0.05041591341850857
pure_thf,1,separated,li_plus_e_diabatic,62,thf,0.030596366493421456,0.031772391793163185,0.001176025299741743,0.03114068293709596
pure_thf,1,separated,li_plus_e_diabatic,26,thf,0.02570922218126914,0.026490882471582586,0.0007816602903134434,0.02596418227314377
pure_thf,1,separated,li_plus_e_diabatic,15,thf,0.02178019893520405,0.02225296659129409,0.00047276765609004164,0.021810525991889373
pure_thf,1,separated,li_plus_e_diabatic,30,thf,0.021598581628743282,0.02218383006487427,0.0005852484361310021,0.02174276406000123
pure_thf,1,separated,li_plus_e_diabatic,6,thf,0.0156160317084316,0.015989327127226727,0.00037329541879512016,0.015671422211078787
pure_thf,1,separated,li_plus_e_diabatic,37,thf,0.014683162996538738,0.01502890055439532,0.00034573755785657646,0.01473009114656194
pure_thf,1,separated,li_plus_e_diabatic,41,thf,0.012261596669243114,0.012552856710815094,0.00029126004157198023,0.01230327679864521
pure_thf,1,separated,li_plus_e_diabatic,50,thf,0.012114982457552492,0.012425416457707096,0.00031043400015460626,0.012178370353411414
pure_thf,1,separated,li_plus_e_diabatic,61,thf,0.006604995584985307,0.006753646780513786,0.00014865119552847684,0.006619368615062027
pure_thf,1,separated,li_plus_e_diabatic,39,thf,0.006014331029156248,0.006143039998582891,0.0001287089694266414,0.006020902112472754
pure_thf,1,separated,li_plus_e_diabatic,31,thf,0.005671201425588454,0.0057801502940327005,0.00010894886844424768,0.005665227497099114
pure_thf,1,separated,li_plus_e_diabatic,43,thf,0.004923933279989826,0.005028252637037624,0.00010431935704780028,0.004928279309815732
pure_thf,1,separated,li_plus_e_diabatic,5,thf,0.0028782429647087335,0.0029142175207948506,3.5974556086115596e-05,0.0028562761159306276
pure_thf,1,separated,li_plus_e_diabatic,44,thf,0.0012251624647206566,0.0012731905075221534,4.80280428014963e-05,0.00124787652662017
pure_thf,1,separated,li_plus_e_diabatic,46,thf,0.000926003474704431,0.0009492645352297201,2.3261060525289092e-05,0.0009303909541169444
pure_thf,1,separated,li_plus_e_diabatic,60,thf,0.0009142638040082758,0.0009317416113810866,1.7477807372810716e-05,0.0009132164266449966
pure_thf,1,separated,li_plus_e_diabatic,27,thf,0.0008854423342204844,0.0009243790910037674,3.893675678328309e-05,0.0009060002902527296
pure_thf,1,separated,li_plus_e_diabatic,36,thf,0.0008567674445713082,0.0008912390384528803,3.4471593881572055e-05,0.0008735191388265426
pure_thf,1,separated,li_plus_e_diabatic,55,thf,0.0007377194619322168,0.0007617398564514559,2.4020394519238896e-05,0.0007465947009821308
pure_thf,1,separated,li_plus_e_diabatic,49,thf,0.0006428707748739427,0.0006600711319268757,1.720035705293302e-05,0.0006469473865574053
pure_thf,1,separated,li_plus_e_diabatic,12,thf,0.000617315047022217,0.0006485141751111945,3.119912808897724e-05,0.0006356202088536392
pure_thf,1,separated,li_plus_e_diabatic,47,thf,0.0005365345563743735,0.0005618700006113527,2.5335444236979048e-05,0.0005506987215444407
pure_thf,1,separated,li_plus_e_diabatic,59,thf,0.000535383965302519,0.0005501216072087073,1.4737641906188076e-05,0.0005391839134571637
pure_thf,1,separated,li_plus_e_diabatic,52,thf,0.0004303451567249673,0.00046783128596780433,3.7486129242837034e-05,0.00045852971470382493
pure_thf,1,separated,li_plus_e_diabatic,35,thf,0.0004172213774372637,0.0004418291494771453,2.4607772039881705e-05,0.00043304456100768605
pure_thf,1,separated,li_plus_e_diabatic,34,thf,0.00032955918724886924,0.00035112097935302697,2.156179210415778e-05,0.0003441398797350865
pure_thf,1,separated,li_plus_e_diabatic,53,thf,0.0003126477087934686,0.0003421479665445072,2.9500257751038627e-05,0.0003353452712372541
pure_thf,1,separated,li_plus_e_diabatic,25,thf,0.0002952849005294264,0.00030516112497131626,9.876224441889866e-06,0.0002990938138785046
pure_thf,1,separated,li_plus_e_diabatic,8,thf,0.0002696101892914615,0.00028444592779006676,1.4835738498605255e-05,0.000278790482873392
pure_thf,1,separated,li_plus_e_diabatic,11,thf,0.0002616902751917461,0.0002825251042635371,2.0834829071790882e-05,0.00027690784977459434
pure_thf,1,separated,li_plus_e_diabatic,4,thf,0.00020235551389239853,0.00025042242162640337,4.806690773400483e-05,0.0002454434429417316
pure_thf,1,separated,li_plus_e_diabatic,63,thf,0.0002110412521738071,0.00023748257467363739,2.6441322499830307e-05,0.00023276087016490523
pure_thf,1,separated,li_plus_e_diabatic,40,thf,0.00016167321035768552,0.00019682287381911855,3.5149663461433035e-05,0.0001929095784878274
pure_thf,1,separated,li_plus_e_diabatic,29,thf,0.00016354200132218184,0.00019432712278272843,3.07851214605466e-05,0.00019046344877181155
pure_thf,1,separated,li_plus_e_diabatic,19,thf,0.00016993223015276073,0.00018164871623686888,1.171648608410821e-05,0.0001780371183600995
pure_thf,1,separated,li_plus_e_diabatic,2,thf,0.00016445449633766066,0.00017344454607161653,8.990049733955829e-06,0.00016999606613018583
pure_thf,1,separated,li_plus_e_diabatic,32,thf,0.00010671178426492618,0.00012857156316287914,2.185977889795294e-05,0.00012601526222031444
pure_thf,1,separated,li_plus_e_diabatic,13,thf,9.812828116781325e-05,0.00012134988148070865,2.3221600312895378e-05,0.00011893716432321196
pure_thf,1,separated,li_plus_e_diabatic,18,thf,8.90305073571597e-05,0.00010611885008322997,1.7088342726070275e-05,0.0001040089611636406
pure_thf,1,separated,li_plus_e_diabatic,9,thf,6.553937731455084e-05,8.14802759100533e-05,1.594089859550245e-05,7.986025900285094e-05
pure_thf,1,separated,li_plus_e_diabatic,16,thf,4.3060786564238354e-05,8.039983457478362e-05,3.7339048010545256e-05,7.880129934778948e-05
pure_thf,1,separated,li_plus_e_diabatic,51,thf,6.48862525023332e-05,7.737809156661843e-05,1.2491839064285208e-05,7.583963560062056e-05
pure_thf,1,separated,li_plus_e_diabatic,24,thf,5.863262137057063e-05,7.685259813945015e-05,1.821997676887951e-05,7.53245902018509e-05
pure_thf,1,separated,li_plus_e_diabatic,38,thf,4.909296222328086e-05,6.452489051141573e-05,1.5431928288134907e-05,6.324198599990833e-05
pure_thf,1,separated,li_plus_e_diabatic,56,thf,1.9390492424544597e-05,4.951819780108337e-05,3.012770537653876e-05,4.8533661153950494e-05
pure_thf,1,separated,li_plus_e_diabatic,1,thf,2.02102289095304e-05,4.786644385965324e-05,2.765621495012286e-05,4.6914747912699246e-05
pure_thf,1,separated,li_plus_e_diabatic,17,thf,3.250068143678726e-05,4.2595798696524785e-05,1.0095117259737531e-05,4.174889540252595e-05
pure_thf,1,separated,li_plus_e_diabatic,22,thf,2.4619603525681138e-05,4.011076672027892e-05,1.5491163194597787e-05,3.93132716268721e-05
pure_thf,1,separated,li_plus_e_diabatic,23,thf,2.1946497435879135e-05,3.740128112921582e-05,1.5454783693336688e-05,3.665765689496256e-05
pure_thf,1,separated,li_plus_e_diabatic,10,thf,9.038599487068674e-06,3.675896012732988e-05,2.7720360640261194e-05,3.602810672468321e-05
pure_thf,1,separated,li_plus_e_diabatic,7,thf,2.3768543611553772e-05,3.602136429654602e-05,1.2252820684992255e-05,3.530517601012786e-05
pure_thf,1,separated,li_plus_e_diabatic,64,thf,1.681438987901713e-05,3.354614644572259e-05,1.673175656670545e-05,3.2879171232315736e-05
pure_thf,1,separated,li_plus_e_diabatic,14,thf,9.423061321246937e-06,3.294338014159295e-05,2.3520318820346e-05,3.228838932064029e-05
pure_thf,1,separated,li_plus_e_diabatic,3,thf,2.0976708589848205e-05,3.207364021148662e-05,1.1096931621638415e-05,3.1435941838011634e-05
pure_thf,1,separated,li_plus_e_diabatic,20,thf,1.3811385230697492e-05,2.9653065210664978e-05,1.5841679979967484e-05,2.906349348357999e-05
pure_thf,1,separated,li_plus_e_diabatic,58,thf,6.859789037358159e-06,2.710148957493225e-05,2.024170053757409e-05,2.6562649090761264e-05
pure_thf,1,separated,li_plus_e_diabatic,45,thf,1.9008227052017867e-06,1.7818337000721197e-05,1.591751429551941e-05,1.7464067125257556e-05
pure_thf,1,separated,li_plus_e_diabatic,57,thf,1.0822806282397495e-05,1.6313553103886613e-05,5.490746821489117e-06,1.5989201823166675e-05
pure_thf,1,separated,li_plus_e_diabatic,33,thf,2.471214671576157e-06,1.3090237484475827e-05,1.0619022812899667e-05,1.282997319588217e-05
eda_1p5m,1,separated,li0_diabatic,19,thf,0.15084611630889228,0.15780473153593075,0.006958615227038356,0.15473995694212989
eda_1p5m,1,separated,li0_diabatic,63,thf,0.09725048776517477,0.10040970022130441,0.0031592124561296026,0.09845961231700512
eda_1p5m,1,separated,li0_diabatic,14,thf,0.07589134709879727,0.07913204502281575,0.003240697924018475,0.07759519705393078
eda_1p5m,1,separated,li0_diabatic,18,thf,0.05454213719883849,0.05627200517483943,0.0017298679760009191,0.05517912912401701
eda_1p5m,1,separated,li0_diabatic,30,thf,0.015892533953966403,0.017215793002893758,0.0013232590489273685,0.016881439751924285
eda_1p5m,1,separated,li0_diabatic,69,eda,0.008660733617973291,0.008776608960844425,0.00011587534287113682,0.008606155718402854
eda_1p5m,1,separated,li0_diabatic,57,thf,0.004105390278379995,0.004232129635767411,0.00012673935738741793,0.004149936134602217
eda_1p5m,1,separated,li0_diabatic,59,thf,0.003220602279144898,0.0033027191602028557,8.211688105795955e-05,0.0032385760279017538
eda_1p5m,1,separated,li0_diabatic,67,eda,0.0024258624958819206,0.002461762235970597,3.5899740088675324e-05,0.002413951588701993
eda_1p5m,1,separated,li0_diabatic,68,eda,0.0016985585596810304,0.0017261455501113277,2.7586990430296672e-05,0.0016926215424615376
eda_1p5m,1,separated,li0_diabatic,15,thf,0.0015916703019025157,0.0016660244978959824,7.43541959934664e-05,0.0016336681198323825
eda_1p5m,1,separated,li0_diabatic,26,thf,0.0013259183238967165,0.0013574953106252066,3.1576986728490206e-05,0.0013311309735187448
eda_1p5m,1,separated,li0_diabatic,73,eda,0.0011759429388022943,0.0011964300256878955,2.04870868856015e-05,0.0011731937873932668
eda_1p5m,1,separated,li0_diabatic,61,thf,0.0011127369390189026,0.0011376054733539356,2.4868534335032766e-05,0.0011155116849195241
eda_1p5m,1,separated,li0_diabatic,10,thf,0.0010504362744187443,0.0010826060826918588,3.2169808273114187e-05,0.0010615804544674425
eda_1p5m,1,separated,li0_diabatic,24,thf,0.000668594151994966,0.0007214429752307786,5.2848823235812784e-05,0.00070743160763842
eda_1p5m,1,separated,li0_diabatic,22,thf,0.0006652562948611205,0.0006989732230497892,3.371692818866899e-05,0.000685398247477765
eda_1p5m,1,separated,li0_diabatic,66,eda,0.0004105295157461979,0.00042618965218579283,1.5660136439595088e-05,0.00041791249087734094
eda_1p5m,1,separated,li0_diabatic,72,eda,0.00032587563318899965,0.0003355708965899332,9.695263400933603e-06,0.00032905367021606087
eda_1p5m,1,separated,li0_diabatic,56,thf,0.00023661271234288496,0.00024980406959438436,1.3191357251499437e-05,0.0002449525473461645
eda_1p5m,1,separated,li0_diabatic,43,thf,0.00022954772076713763,0.0002384116983946377,8.863977627499992e-06,0.0002337814309179085
eda_1p5m,1,separated,li0_diabatic,16,thf,0.00017175543383759093,0.0001930267357135147,2.1271301875923893e-05,0.00018927790366151504
eda_1p5m,1,separated,li0_diabatic,6,thf,0.0001768839890622095,0.0001904198678632384,1.3535878801028897e-05,0.00018672166459961006
eda_1p5m,1,separated,li0_diabatic,31,thf,0.00015524585227973147,0.00017033114032530614,1.5085288045574631e-05,0.00016702308646455565
eda_1p5m,1,separated,li0_diabatic,70,eda,0.00015467287712218222,0.0001585614686834346,3.888591561252496e-06,0.00015548199726298423
eda_1p5m,1,separated,li0_diabatic,8,thf,8.06217583164936e-05,0.00014020726863419686,5.958551031770325e-05,0.00013748425982074782
eda_1p5m,1,separated,li0_diabatic,34,thf,8.399049709330009e-05,0.0001292784740601785,4.528797696687824e-05,0.00012676771675291254
eda_1p5m,1,separated,li0_diabatic,2,thf,9.178142835591524e-05,0.00011574928059056679,2.3967852234651643e-05,0.00011350127794228165
eda_1p5m,1,separated,li0_diabatic,52,thf,0.00010017615351554264,0.00010814038128754828,7.96422777200566e-06,0.00010604015343057458
eda_1p5m,1,separated,li0_diabatic,13,thf,8.030320715739376e-05,9.557429159125001e-05,1.5271084433856218e-05,9.371811365641612e-05
eda_1p5m,1,separated,li0_diabatic,27,thf,7.221838750287773e-05,8.111893699234021e-05,8.900549489462506e-06,7.954350097879044e-05
eda_1p5m,1,separated,li0_diabatic,49,thf,7.45083835336976e-05,7.987765113549885e-05,5.369267601801171e-06,7.832632251924107e-05
eda_1p5m,1,separated,li0_diabatic,45,thf,5.862572504922908e-05,6.653997312567972e-05,7.914248076450582e-06,6.524767968730875e-05
eda_1p5m,1,separated,li0_diabatic,28,thf,5.694052568056784e-05,6.632274042502535e-05,9.382214744457496e-06,6.503466593025276e-05
eda_1p5m,1,separated,li0_diabatic,1,thf,3.5770226770829225e-05,6.416135294750652e-05,2.839112617667728e-05,6.29152554287345e-05
eda_1p5m,1,separated,li0_diabatic,12,thf,5.7024940257017334e-05,6.39383648409855e-05,6.913424583968186e-06,6.269659804333276e-05
eda_1p5m,1,separated,li0_diabatic,32,thf,3.6437230986695615e-05,4.939038125597148e-05,1.295315026927587e-05,4.8431155355847094e-05
eda_1p5m,1,separated,li0_diabatic,33,thf,3.2862628645126845e-05,4.8282037388793555e-05,1.5419408743666696e-05,4.734433697838206e-05
eda_1p5m,1,separated,li0_diabatic,11,thf,2.7576555184583183e-05,4.710962952819263e-05,1.9533074343609452e-05,4.61946988141633e-05
eda_1p5m,1,separated,li0_diabatic,60,thf,3.8433053143381544e-05,4.4630314731845875e-05,6.197261588464336e-06,4.3763535558799634e-05
eda_1p5m,1,separated,li0_diabatic,21,thf,3.572199120765199e-05,4.3828561884146654e-05,8.106570676494684e-06,4.297735380161348e-05
eda_1p5m,1,separated,li0_diabatic,20,thf,2.7644565769405966e-05,3.94445057232861e-05,1.179993995388014e-05,3.867844175404298e-05
eda_1p5m,1,separated,li0_diabatic,53,thf,2.8544216551079836e-05,3.465482183964984e-05,6.110605288570049e-06,3.398177980540214e-05
eda_1p5m,1,separated,li0_diabatic,40,thf,2.7881719120674568e-05,3.461593100824565e-05,6.734211887571063e-06,3.394364428488666e-05
eda_1p5m,1,separated,li0_diabatic,58,thf,2.5993396702782294e-05,3.450947484459944e-05,8.516078141817145e-06,3.3839255639384694e-05
eda_1p5m,1,separated,li0_diabatic,17,thf,1.555523730861129e-05,3.2640007043303806e-05,1.7084769734692524e-05,3.200609535159371e-05
eda_1p5m,1,separated,li0_diabatic,4,thf,2.8846512587848687e-05,3.127917284996344e-05,2.4326602621147442e-06,3.0671690340835716e-05
eda_1p5m,1,separated,li0_diabatic,9,thf,1.6821737346475144e-05,2.864500813971237e-05,1.182327079323722e-05,2.8088684559732637e-05
eda_1p5m,1,separated,li0_diabatic,47,thf,1.8717556943659215e-05,2.832000841544836e-05,9.60245147178913e-06,2.7769996755828823e-05
eda_1p5m,1,separated,li0_diabatic,44,thf,1.546074718831645e-05,2.476886842259816e-05,9.308121234281726e-06,2.428782455325454e-05
eda_1p5m,1,separated,li0_diabatic,71,eda,1.1384403020339582e-05,2.1312475114440505e-05,9.9280720941009e-06,2.0898558930648017e-05
eda_1p5m,1,separated,li0_diabatic,7,thf,1.061927666617197e-05,2.0780366275186197e-05,1.016108960901424e-05,2.037678434205787e-05
eda_1p5m,1,separated,li0_diabatic,36,thf,1.4327999503533965e-05,2.0035129776829013e-05,5.7071302732950436e-06,1.964602131267914e-05
eda_1p5m,1,separated,li0_diabatic,39,thf,5.860268972995027e-06,1.8972747415504366e-05,1.3112478442509341e-05,1.860427180841904e-05
eda_1p5m,1,separated,li0_diabatic,25,thf,1.2978033600189322e-05,1.8402133329005765e-05,5.424099728816448e-06,1.8044739794923857e-05
eda_1p5m,1,separated,li0_diabatic,38,thf,8.34450326440872e-06,1.8399069546375838e-05,1.0054566281967121e-05,1.804173551496583e-05
eda_1p5m,1,separated,li0_diabatic,35,thf,5.570164321872759e-06,1.6626552507277627e-05,1.1056388185404867e-05,1.630364307857524e-05
eda_1p5m,1,separated,li0_diabatic,50,thf,4.881182665217248e-06,1.5650969394023266e-05,1.0769786728806026e-05,1.534700706729014e-05
eda_1p5m,1,separated,li0_diabatic,5,thf,5.334444407045455e-06,1.543402247882993e-05,1.0099578071784472e-05,1.5134273545367187e-05
eda_1p5m,1,separated,li0_diabatic,37,thf,2.965255848114679e-06,1.162990177816342e-05,8.664645930048739e-06,1.1404033851700143e-05
eda_1p5m,1,separated,li0_diabatic,29,thf,2.755997436411408e-06,1.1186354247291316e-05,8.430356810879912e-06,1.0969100594877549e-05
eda_1p5m,1,separated,li0_diabatic,55,thf,4.602592843463912e-07,1.0784265564499797e-05,1.0324006280153396e-05,1.0574821000999145e-05
eda_1p5m,1,separated,li0_diabatic,3,thf,3.0778077476264887e-06,1.0568644129651374e-05,7.490836382024888e-06,1.0363387216856568e-05
eda_1p5m,1,separated,li0_diabatic,41,thf,1.797894987521306e-06,1.0539745129319112e-05,8.74185014179781e-06,1.0335049472965369e-05
eda_1p5m,1,separated,li0_diabatic,54,thf,3.239288129435737e-06,1.0191933883787245e-05,6.952645754351507e-06,9.993993177417379e-06
eda_1p5m,1,separated,li0_diabatic,23,thf,-4.016797976837177e-06,8.782830595042972e-06,1.279962857188015e-05,8.612256520315587e-06
eda_1p5m,1,separated,li0_diabatic,65,eda,2.5403541034013927e-06,8.379472037614043e-06,5.839117934212652e-06,8.216731714428632e-06
eda_1p5m,1,separated,li0_diabatic,42,thf,3.935470342536659e-06,8.33850951710631e-06,4.403039174569656e-06,8.176564739725695e-06
eda_1p5m,1,separated,li0_diabatic,48,thf,3.2713679456178375e-06,8.230821527999397e-06,4.9594535823815545e-06,8.07096819242702e-06
eda_1p5m,1,separated,li0_diabatic,64,thf,5.281553772122598e-07,7.747574792194898e-06,7.2194194149826406e-06,7.597106741233546e-06
eda_1p5m,1,separated,li0_diabatic,51,thf,7.502552669213169e-07,7.469512134371243e-06,6.7192568674499216e-06,7.3244444244572605e-06
eda_1p5m,1,separated,li0_diabatic,62,thf,4.102439586849925e-07,6.775002374925862e-06,6.364758416240868e-06,6.643422954274045e-06
eda_1p5m,1,separated,li0_diabatic,46,thf,-7.988747141609069e-08,6.619485747300592e-06,6.699373218716686e-06,6.490926663267458e-06
eda_1p5m,1,separated,li_plus_e_diabatic,14,thf,0.07704520950427583,0.08087090136553396,0.003825691861258081,0.07853142115174414
eda_1p5m,1,separated,li_plus_e_diabatic,19,thf,0.07648061278551067,0.08076792390335538,0.0042873111178447065,0.07843142268115791
eda_1p5m,1,separated,li_plus_e_diabatic,18,thf,0.07622679930776204,0.07972586545788202,0.0034990661501199945,0.07741950950516507
eda_1p5m,1,separated,li_plus_e_diabatic,63,thf,0.07149716179110603,0.07691076261911133,0.005413600828005285,0.07468584358968672
eda_1p5m,1,separated,li_plus_e_diabatic,30,thf,0.06065133267446422,0.06428076991605963,0.0036294372415953974,0.06242121862126117
eda_1p5m,1,separated,li_plus_e_diabatic,8,thf,0.0328207537855245,0.033801534606763696,0.0009807808212391864,0.032823704261447956
eda_1p5m,1,separated,li_plus_e_diabatic,57,thf,0.02646774171053545,0.027071942166835367,0.0006042004562999109,0.026288789364297595
eda_1p5m,1,separated,li_plus_e_diabatic,15,thf,0.01690268612150393,0.0172960144614999,0.00039332833999598067,0.016795665350424618
eda_1p5m,1,separated,li_plus_e_diabatic,34,thf,0.009486055589706542,0.009727620677249147,0.00024156508754260254,0.009446214439437928
eda_1p5m,1,separated,li_plus_e_diabatic,17,thf,0.008713006056495833,0.009002442195746278,0.0002894361392504436,0.008742014340521322
eda_1p5m,1,separated,li_plus_e_diabatic,16,thf,0.008352991518678679,0.008581559786491454,0.00022856826781277465,0.008333307461057284
eda_1p5m,1,separated,li_plus_e_diabatic,13,thf,0.008042540473949712,0.00856326697738912,0.0005207265034394071,0.008315543836917983
eda_1p5m,1,separated,li_plus_e_diabatic,9,thf,0.008025525728546149,0.00829763845280751,0.0002721127242613622,0.00805759956794604
eda_1p5m,1,separated,li_plus_e_diabatic,22,thf,0.005538221053947525,0.005782592130504918,0.000244371076557391,0.005615309960462251
eda_1p5m,1,separated,li_plus_e_diabatic,59,thf,0.005457634676496957,0.005688989525793829,0.00023135484929687284,0.005524415146043878
eda_1p5m,1,separated,li_plus_e_diabatic,6,thf,0.004581770632227829,0.0047943175980835265,0.00021254696585569784,0.004655624805373775
eda_1p5m,1,separated,li_plus_e_diabatic,1,thf,0.003598397614710197,0.003728844908975692,0.0001304472942654963,0.003620974726530101
eda_1p5m,1,separated,li_plus_e_diabatic,10,thf,0.0026416167834714477,0.0028269286855062553,0.00018531190203480692,0.0027451496572789857
eda_1p5m,1,separated,li_plus_e_diabatic,24,thf,0.001750216537214996,0.0018890993671144313,0.0001388828298994349,0.001834450407889023
eda_1p5m,1,separated,li_plus_e_diabatic,32,thf,0.0016475939314409206,0.0017142556313092196,6.666169986829891e-05,0.0016646646528100618
eda_1p5m,1,separated,li_plus_e_diabatic,61,thf,0.0012408925695564699,0.0013621862312724593,0.00012129366171599009,0.0013227801200291264
eda_1p5m,1,separated,li_plus_e_diabatic,23,thf,0.001184384857628821,0.0012684078349789304,8.402297735010959e-05,0.0012317145994288955
eda_1p5m,1,separated,li_plus_e_diabatic,72,eda,0.0012373476112321588,0.0012663436089506107,2.8995997718452008e-05,0.001229710088525157
eda_1p5m,1,separated,li_plus_e_diabatic,11,thf,0.000898283685218202,0.001041971588068477,0.00014368790285027467,0.001011828831249196
eda_1p5m,1,separated,li_plus_e_diabatic,31,thf,0.0008872390458329741,0.000999064254996425,0.00011182520916345098,0.0009701627463276355
eda_1p5m,1,separated,li_plus_e_diabatic,21,thf,0.0006889279815908467,0.0007850462531381419,9.611827154729542e-05,0.0007623359810240085
eda_1p5m,1,separated,li_plus_e_diabatic,26,thf,0.0005090034765809727,0.0006074072743811896,9.84037978002168e-05,0.0005898358453982994
eda_1p5m,1,separated,li_plus_e_diabatic,3,thf,0.0003964145787964802,0.0004735184198793163,7.710384108283627e-05,0.0004598202051263297
eda_1p5m,1,separated,li_plus_e_diabatic,2,thf,0.0002278066042824499,0.00037265797481777694,0.00014485137053532696,0.00036187750936140037
eda_1p5m,1,separated,li_plus_e_diabatic,54,thf,0.00028294510364266107,0.0003353320395423472,5.2386935899686095e-05,0.00032563136033248927
eda_1p5m,1,separated,li_plus_e_diabatic,58,thf,0.0002537957752687135,0.00033395456723832025,8.015879196960665e-05,0.0003242937363440604
eda_1p5m,1,separated,li_plus_e_diabatic,29,thf,0.00023848401226484898,0.0003257776348757155,8.729362261086656e-05,0.00031635335101071833
eda_1p5m,1,separated,li_plus_e_diabatic,47,thf,0.00017940793963698757,0.0002762289830704672,9.682104343347952e-05,0.00026823807126589
eda_1p5m,1,separated,li_plus_e_diabatic,33,thf,0.0001469988369867517,0.00024002755008701982,9.302871310026812e-05,0.0002330838942762
eda_1p5m,1,separated,li_plus_e_diabatic,39,thf,9.086958764038885e-05,0.00023726422142469138,0.00014639463378430249,0.00023040050478383942
eda_1p5m,1,separated,li_plus_e_diabatic,56,thf,6.441289418960423e-05,0.00018702507021474876,0.00012261217602514454,0.00018161470080050937
eda_1p5m,1,separated,li_plus_e_diabatic,20,thf,0.000101371514946291,0.0001762211611946292,7.48496462483382e-05,0.00017112333350995345
eda_1p5m,1,separated,li_plus_e_diabatic,71,eda,6.652718614305588e-05,0.00017090657362091625,0.00010437938747786037,0.00016596248939975102
eda_1p5m,1,separated,li_plus_e_diabatic,27,thf,9.809676893113798e-05,0.00016512910220184293,6.703233327070493e-05,0.00016035215201581804
eda_1p5m,1,separated,li_plus_e_diabatic,40,thf,0.00010665535848314642,0.0001572766682505373,5.062130976739087e-05,0.00015272687781602966
eda_1p5m,1,separated,li_plus_e_diabatic,36,thf,6.47556586965469e-05,0.0001541021293986413,8.934647070209436e-05,0.0001496441738603264
eda_1p5m,1,separated,li_plus_e_diabatic,43,thf,2.667115554750434e-05,0.00013989865846659037,0.00011322750291908599,0.00013585158915127525
eda_1p5m,1,separated,li_plus_e_diabatic,55,thf,2.7048180059858306e-05,0.00013591904269127532,0.00010887086263141704,0.00013198709800308354
eda_1p5m,1,separated,li_plus_e_diabatic,28,thf,7.647813040159735e-05,0.00013400193201999243,5.75238016183951e-05,0.00013012544661823594
eda_1p5m,1,separated,li_plus_e_diabatic,41,thf,5.045889288347568e-05,0.00013175209612982478,8.129320324634916e-05,0.00012794069528209757
eda_1p5m,1,separated,li_plus_e_diabatic,60,thf,7.16484463280066e-05,0.00013111322954694385,5.946478321893734e-05,0.0001273203102012732
eda_1p5m,1,separated,li_plus_e_diabatic,53,thf,3.527514675417811e-05,0.0001243866986683702,8.911155191419213e-05,0.00012078836829885972
eda_1p5m,1,separated,li_plus_e_diabatic,38,thf,7.204326281008043e-05,0.00011149487120290897,3.945160839282855e-05,0.0001082694830754877
eda_1p5m,1,separated,li_plus_e_diabatic,37,thf,5.0246958886671725e-05,0.0001088732616990201,5.8626302812348375e-05,0.00010572371300777514
eda_1p5m,1,separated,li_plus_e_diabatic,65,eda,6.637808311952842e-05,0.00010507115564942164,3.869307252989319e-05,0.00010203159648127548
eda_1p5m,1,separated,li_plus_e_diabatic,4,thf,1.7441776126496385e-05,9.247101277805578e-05,7.502923665155934e-05,8.979595783133838e-05
eda_1p5m,1,separated,li_plus_e_diabatic,50,thf,4.371728309085535e-05,8.853874345873426e-05,4.482146036787894e-05,8.597744347347406e-05
eda_1p5m,1,separated,li_plus_e_diabatic,42,thf,1.5144961372533218e-05,8.757510539959671e-05,7.24301440270635e-05,8.504168209351951e-05
eda_1p5m,1,separated,li_plus_e_diabatic,52,thf,4.306950243125156e-05,8.421173772199512e-05,4.1142235290743595e-05,8.177561186160711e-05
eda_1p5m,1,separated,li_plus_e_diabatic,70,eda,3.9577487114799015e-05,8.216334649581099e-05,4.258585938101199e-05,7.978647768168858e-05
eda_1p5m,1,separated,li_plus_e_diabatic,64,thf,2.741185565780336e-05,7.499848964854917e-05,4.758663399074581e-05,7.282888995775509e-05
eda_1p5m,1,separated,li_plus_e_diabatic,62,thf,2.355134943322922e-05,7.139480001813979e-05,4.7843450584910545e-05,6.932944994549792e-05
eda_1p5m,1,separated,li_plus_e_diabatic,5,thf,2.07374482741158e-05,6.961944631940503e-05,4.8881998045289203e-05,6.760545470549846e-05
eda_1p5m,1,separated,li_plus_e_diabatic,7,thf,1.8481336630145425e-05,6.798528564966228e-05,4.9503949019516865e-05,6.601856798087643e-05
eda_1p5m,1,separated,li_plus_e_diabatic,73,eda,4.68555698711735e-05,6.42938260206684e-05,1.7438256149494937e-05,6.243389703132363e-05
eda_1p5m,1,separated,li_plus_e_diabatic,44,thf,9.365282114730635e-06,5.7748222920896643e-05,4.8382940806166016e-05,5.6077648924270715e-05
eda_1p5m,1,separated,li_plus_e_diabatic,46,thf,1.1945246677580511e-05,5.571464523548501e-05,4.3769398557904515e-05,5.4102899750448454e-05
eda_1p5m,1,separated,li_plus_e_diabatic,25,thf,5.4894816883449035e-06,5.3494670105004105e-05,4.800518841665919e-05,5.19471453446679e-05
eda_1p5m,1,separated,li_plus_e_diabatic,12,thf,9.16006887351242e-06,4.6771234043104683e-05,3.761116516959229e-05,4.541820873028173e-05
eda_1p5m,1,separated,li_plus_e_diabatic,68,eda,2.2673940206022956e-05,4.622131593264089e-05,2.3547375726617926e-05,4.48841989690129e-05
eda_1p5m,1,separated,li_plus_e_diabatic,49,thf,-6.689210978755335e-07,4.121960435544304e-05,4.188852545331859e-05,4.002717979751791e-05
eda_1p5m,1,separated,li_plus_e_diabatic,67,eda,1.4187896934829456e-05,4.0274368351298256e-05,2.6086471416468823e-05,3.9109288127264785e-05
eda_1p5m,1,separated,li_plus_e_diabatic,51,thf,5.228038216396037e-06,3.622592880200367e-05,3.099789058560764e-05,3.517796417903774e-05
eda_1p5m,1,separated,li_plus_e_diabatic,48,thf,1.0665198716533117e-05,3.5024098853697684e-05,2.435890013716456e-05,3.40109014626647e-05
eda_1p5m,1,separated,li_plus_e_diabatic,66,eda,7.672769754183119e-06,2.1787937299270896e-05,1.4115167545087778e-05,2.115764324602987e-05
eda_1p5m,1,separated,li_plus_e_diabatic,69,eda,8.98031980177135e-06,2.130098405610861e-05,1.2320664254337265e-05,2.068477686795976e-05
eda_1p5m,1,separated,li_plus_e_diabatic,45,thf,-1.7797904870573903e-06,2.1246927031676558e-05,2.302671751873395e-05,2.063228363639931e-05
eda_1p5m,1,separated,li_plus_e_diabatic,35,thf,1.3031798542906056e-06,1.962529836674585e-05,1.8322118512455232e-05,1.9057566383505076e-05
